TIME,3267,3268,3269,3353,3354,3438,3439,3445,3530,3533,3611,3613,3614,3615,3616,3688,3689,3690,3691,3760,3761,3762,3763,3835,3837,3838,3839,3843,3844,3906,3908,4178,4372,4373,4374,4375,DAC_AVERAGE
1898-10-01,43.32,44.64,47.51,54.25,56.38,62.78,66.29,79.69,73.8,82.9,78.91,80.47,84.85,86.81,88.91,76.59,81.17,81.65,84.87,74.04,70.71,73.99,75.33,65.97,82.2,91.2,90.08,97.67,96.68,62.23,70.0,52.12,45.77,44.32,33.77,24.6,69.62416666666667
1899-10-01,48.373333333333335,47.90416666666667,50.84666666666667,55.340833333333336,56.385,61.24166666666667,62.70249999999999,78.68083333333334,73.22166666666668,81.25250000000001,75.72250000000001,77.77666666666666,81.25833333333331,82.13083333333333,85.5575,75.16583333333334,77.02333333333333,79.015,82.21416666666666,71.49416666666669,71.82333333333334,75.54916666666666,76.57083333333334,69.5175,80.23833333333333,88.42999999999999,87.58500000000002,97.86833333333333,99.00916666666669,62.665,66.01833333333333,58.76250000000001,38.09916666666667,36.58083333333333,32.61000000000001,28.084166666666672,68.68664351851852
1900-10-01,88.1075,83.91916666666667,80.41083333333334,77.40749999999998,72.84916666666666,79.75083333333333,75.72333333333331,77.81750000000001,80.91083333333333,79.9325,79.46833333333332,76.51833333333335,79.61250000000001,80.96750000000002,86.21416666666669,78.64833333333334,77.98916666666666,79.29583333333333,83.6475,76.27416666666666,76.08583333333333,78.75,78.52499999999999,73.86083333333333,83.55083333333333,91.7475,90.5675,104.96333333333332,108.29083333333334,62.72166666666666,66.63666666666667,70.38083333333333,31.82333333333333,31.282499999999995,30.6125,30.465833333333336,75.15916666666666
1901-10-01,86.70916666666666,83.3875,83.48583333333333,81.8825,78.1175,83.28333333333333,79.28416666666666,79.45666666666666,80.08833333333335,80.76,79.29416666666667,76.69833333333334,79.95666666666666,81.03083333333335,86.16583333333334,78.39666666666666,77.53833333333333,78.76083333333332,83.13166666666666,76.99916666666667,76.65249999999999,78.73833333333334,77.97583333333333,74.26666666666667,83.72083333333335,92.02833333333332,90.42083333333332,108.38,111.74916666666668,60.20333333333334,66.03666666666668,63.44749999999999,27.570000000000004,26.460000000000004,25.67,27.0775,75.13402777777777
1902-10-01,77.30000000000001,75.69166666666666,76.89249999999998,76.1925,74.50750000000001,77.42416666666666,75.03916666666667,81.1375,76.47333333333333,81.01083333333334,76.3,75.41250000000001,79.105,79.73666666666666,84.64833333333333,75.71,75.18166666666667,76.60166666666667,80.69583333333333,74.51833333333333,74.21500000000002,76.02166666666666,75.46416666666667,71.87833333333334,80.75583333333333,88.75999999999999,87.01083333333332,106.77333333333333,110.68,57.2475,63.6525,55.60999999999999,23.578333333333333,21.5475,20.039166666666667,20.9175,71.77030092592594
1903-10-01,72.74666666666667,72.17083333333333,73.0525,72.19333333333334,71.94749999999999,73.16583333333332,71.88416666666667,82.9525,74.54166666666667,81.74833333333333,74.64083333333333,74.83916666666666,78.95250000000001,79.38916666666667,84.45583333333333,74.27000000000001,74.06083333333333,75.80166666666668,79.90916666666668,72.55666666666666,72.47500000000001,74.47666666666666,74.36666666666666,69.95833333333333,78.96583333333334,87.03583333333334,85.52499999999999,106.55166666666666,111.05833333333337,55.55166666666668,61.86499999999999,53.6375,20.183333333333334,17.204166666666666,15.031666666666668,15.488333333333337,69.85150462962963
1904-10-01,71.27250000000002,71.41833333333334,71.35916666666667,69.81666666666666,70.73166666666668,70.35416666666667,69.99083333333333,84.76083333333334,73.97083333333333,82.74833333333333,74.1325,74.865,79.35833333333333,79.75,85.09583333333332,73.75083333333335,73.78583333333334,75.78250000000001,80.09833333333334,71.3475,71.51916666666666,73.83083333333333,74.06166666666667,68.66666666666667,78.02499999999999,86.27166666666666,85.15416666666667,106.65916666666664,111.625,54.32416666666666,60.469166666666666,52.74,17.01,13.207499999999998,10.505833333333332,10.743333333333334,68.86675925925927
1905-10-01,73.37666666666668,73.71583333333334,72.32083333333334,69.62,71.09416666666668,69.52833333333334,69.68333333333334,86.76916666666666,74.56499999999998,83.93333333333332,74.50666666666666,75.345,80.08,80.46916666666667,86.05666666666666,74.05666666666669,74.25416666666666,76.44499999999998,80.86416666666668,70.72500000000001,71.17750000000001,73.87583333333333,74.62416666666665,67.89333333333333,77.48083333333334,86.1725,85.23083333333334,108.7825,114.97,53.88583333333333,59.535,53.071666666666665,14.725,10.09,6.944999999999999,6.9075000000000015,68.9660185185185
1906-10-01,82.09500000000001,82.69666666666666,80.38333333333334,76.36916666666666,78.305,75.56833333333333,75.59833333333333,89.95916666666666,78.9175,86.02250000000002,77.08833333333334,77.08166666666666,81.815,82.285,88.235,75.93749999999999,76.16000000000001,78.29,83.02833333333332,71.90666666666668,72.43916666666667,75.39416666666666,76.4525,68.65500000000002,78.35916666666667,87.38916666666667,86.91416666666665,113.34833333333331,120.84083333333332,54.95000000000001,60.094166666666666,56.6,17.458333333333332,11.302500000000002,7.428333333333335,8.379166666666668,72.04854166666665
1907-10-01,86.54750000000001,87.83416666666666,85.84833333333331,82.07000000000001,83.95333333333333,81.08583333333333,81.05999999999999,93.51166666666666,82.48833333333334,88.74083333333334,79.62666666666665,79.40250000000002,84.175,84.4825,90.4525,77.57249999999999,78.06166666666665,79.97916666666667,84.855,73.57166666666667,73.91166666666666,76.81916666666667,77.85000000000001,69.78833333333334,79.40833333333335,88.41583333333334,88.43166666666669,115.9975,123.93666666666668,55.17916666666667,60.6475,57.10999999999999,21.935,14.609166666666669,9.305833333333332,12.99083333333333,74.7682175925926
1908-10-01,86.27666666666669,88.03833333333334,85.91083333333334,82.31083333333335,84.37083333333332,81.22000000000001,81.53166666666667,96.84416666666668,83.1975,91.36416666666666,80.74833333333333,81.17916666666666,86.22083333333335,86.37666666666667,92.35583333333334,78.59583333333335,79.33333333333333,81.30583333333334,86.20166666666665,74.7575,74.94666666666667,77.78750000000001,78.84499999999998,70.58666666666666,80.22333333333333,89.09500000000001,89.515,115.76333333333334,123.40833333333332,54.71333333333333,61.03166666666667,54.73583333333334,21.56,14.862499999999995,9.119166666666668,12.765833333333331,75.47497685185184
1909-10-01,83.575,85.59583333333332,83.66666666666667,80.23166666666667,82.80666666666669,78.93083333333334,79.82416666666667,99.15166666666666,82.06250000000001,93.00583333333331,79.81500000000001,81.6875,87.085,86.97833333333334,92.86833333333334,77.53916666666666,78.74916666666668,81.03666666666668,85.92833333333333,73.86583333333333,74.13000000000001,76.96583333333334,78.04333333333334,69.75666666666667,79.1775,87.8,88.59750000000001,113.41333333333334,120.94666666666669,52.58249999999999,59.78249999999999,50.13249999999999,18.1375,12.088333333333331,6.702499999999998,8.994166666666667,74.21263888888888
1910-10-01,82.23916666666668,84.64999999999999,82.64833333333333,79.13,82.56083333333333,77.62583333333333,79.255,100.82583333333332,82.14583333333331,94.1225,80.01583333333333,82.19583333333333,87.70166666666667,87.58583333333333,93.4775,77.8725,79.355,81.81166666666667,86.50166666666667,73.1075,73.60916666666667,76.82666666666667,78.71833333333333,68.79416666666667,78.18250000000002,86.86333333333333,87.8775,113.47666666666665,121.89416666666668,52.7175,59.08333333333332,51.57333333333335,17.00583333333333,11.080833333333333,5.972499999999999,7.160833333333333,74.04624999999999
1911-10-01,83.83916666666667,86.13499999999999,83.555,79.62083333333334,83.245,77.95666666666668,79.69999999999999,102.47,82.98249999999999,95.53499999999998,80.78666666666668,83.17833333333333,88.86833333333334,88.77999999999999,94.82916666666668,78.55833333333332,80.075,82.64666666666668,87.57000000000001,73.60083333333334,74.24333333333334,77.56833333333333,79.40416666666667,69.08333333333333,78.845,87.60583333333334,88.915,114.65166666666669,123.22333333333331,51.65833333333333,58.681666666666665,49.88999999999999,14.703333333333331,8.360833333333334,3.4133333333333327,4.413333333333333,74.40537037037038
1912-10-01,82.45333333333332,84.99083333333333,82.66166666666668,78.75083333333333,82.19333333333333,76.80583333333333,78.55749999999999,102.74583333333337,81.46666666666665,95.685,79.175,82.69416666666667,88.67083333333333,88.42333333333335,94.49166666666667,76.59,78.625,81.55166666666666,86.62333333333333,71.60416666666667,72.39916666666666,75.85583333333334,77.74666666666666,67.09833333333334,76.79,85.485,87.36500000000001,111.7175,120.12,48.10333333333335,55.906666666666666,43.20583333333334,10.378333333333332,4.11,-0.2483333333333334,0.2549999999999999,72.52912037037039
1913-10-01,77.98250000000002,80.91666666666667,79.20083333333334,75.79249999999999,79.59166666666668,74.10416666666667,76.17999999999999,101.93666666666664,79.98666666666666,94.82333333333332,78.10833333333333,81.64083333333333,87.67,87.36833333333334,93.33833333333337,75.64083333333333,77.89083333333333,80.76416666666667,85.52999999999999,69.72916666666669,70.63166666666667,74.30833333333334,76.94833333333332,65.02333333333335,74.31499999999998,82.775,84.9225,108.99916666666664,118.06666666666666,47.21416666666666,53.931666666666665,40.87,7.833333333333333,1.5341666666666665,-2.5725,-2.9166666666666665,70.55777777777779
1914-10-01,80.72250000000001,83.41666666666667,80.7925,76.84333333333332,80.36583333333333,75.42583333333334,77.2625,102.4466666666667,82.04750000000001,95.33,79.78999999999999,82.34916666666666,88.27833333333332,88.2025,94.44416666666665,77.3225,79.295,82.01249999999999,86.94083333333333,70.75416666666666,71.76,75.61500000000001,78.48416666666667,65.75,75.43583333333333,84.19916666666666,86.37583333333333,111.0275,120.51166666666666,48.51500000000001,54.72166666666667,44.53833333333333,7.659166666666667,1.0616666666666668,-2.830833333333333,-2.558333333333333,71.7863425925926
1915-10-01,107.71750000000002,108.425,103.89083333333332,97.5175,97.4775,94.80416666666667,93.43916666666668,105.43916666666668,92.22333333333334,98.12416666666668,86.22083333333335,85.84333333333335,91.04416666666668,91.2475,98.27666666666669,81.81750000000001,83.43083333333333,85.19916666666667,90.89999999999998,75.96166666666666,75.91333333333334,79.36749999999998,81.7675,69.49750000000002,79.2725,88.18333333333335,91.325,114.5725,124.65999999999998,50.78916666666667,57.769166666666656,50.63916666666668,12.419166666666664,5.318333333333334,1.0658333333333332,3.755833333333334,79.3143287037037
1916-10-01,104.91499999999998,106.2041666666667,104.6575,100.51833333333332,101.21083333333333,97.94416666666666,97.19833333333334,108.95,93.73916666666666,101.32583333333332,88.51083333333332,88.94583333333333,93.76,93.41666666666669,99.9425,83.51416666666667,85.53083333333332,86.84833333333331,92.16666666666669,78.30999999999999,77.95583333333333,81.03833333333333,83.25583333333331,71.4325,80.75333333333333,89.24416666666667,92.53583333333334,115.47083333333336,125.335,51.16,59.42666666666667,45.92666666666667,13.571666666666667,6.304999999999999,1.42,3.5308333333333324,80.72143518518519
1917-10-01,95.41916666666668,97.95166666666668,97.01416666666664,93.78166666666668,96.30166666666666,91.57083333333333,92.50833333333334,110.25833333333333,91.37,102.47,87.33749999999999,89.52583333333332,94.56416666666668,93.88583333333334,99.89499999999998,82.94333333333333,85.28166666666668,86.88583333333334,91.76416666666668,77.74416666666667,77.61583333333333,80.59750000000001,83.07166666666666,70.99833333333333,79.85666666666667,87.9375,91.19416666666665,114.1725,123.6975,50.116666666666674,59.02333333333334,40.79583333333333,10.340833333333332,3.4166666666666674,-1.4158333333333335,-0.4966666666666666,78.59432870370371
1918-10-01,89.24083333333334,92.35666666666668,91.30583333333334,88.26416666666667,91.69333333333331,86.2375,88.105,110.1475,89.18833333333333,102.37,85.71416666666666,88.94916666666667,94.2775,93.49833333333332,99.41833333333334,81.54583333333333,84.18333333333334,86.15083333333332,91.00666666666666,76.28500000000001,76.30999999999999,79.40583333333335,81.99249999999999,69.80499999999999,78.4775,86.33416666666666,89.88416666666666,112.00666666666666,121.16166666666668,48.91083333333333,57.970000000000006,37.04666666666667,7.375833333333333,0.6283333333333336,-3.893333333333333,-4.090833333333333,76.36842592592592
1919-10-01,84.52666666666666,87.79916666666666,86.60583333333334,83.54583333333332,87.52666666666666,81.56333333333333,84.01333333333332,108.695,86.54583333333333,101.14416666666666,83.58333333333333,87.52500000000002,93.16166666666668,92.47249999999998,98.385,79.90583333333335,82.67333333333333,85.16250000000001,89.97416666666668,74.07833333333332,74.49000000000001,77.95750000000001,80.90166666666666,67.80999999999999,76.6125,84.385,88.2725,109.62333333333332,118.50583333333331,46.833333333333336,55.734166666666674,33.25333333333333,3.0583333333333336,-3.505833333333334,-7.443333333333332,-8.161666666666667,73.81150462962965
1920-10-01,81.16416666666666,84.38833333333335,83.01416666666665,79.84666666666666,84.11166666666666,77.895,80.67333333333333,107.09666666666668,84.60166666666667,99.81583333333332,82.39500000000001,86.29333333333331,92.11583333333331,91.67916666666666,97.66166666666668,79.14166666666667,81.92333333333333,84.65916666666665,89.50416666666666,72.49583333333334,73.2425,77.10583333333334,80.41166666666668,66.27,75.43916666666665,83.41499999999999,87.40916666666668,108.78583333333331,117.61499999999997,46.29083333333335,54.29750000000001,32.14000000000001,-0.2091666666666666,-6.5925,-9.975,-11.038333333333334,72.0856712962963
1921-10-01,80.29083333333334,83.40333333333332,81.30833333333334,77.69833333333334,82.14666666666666,75.77416666666666,78.77333333333333,106.08333333333331,83.98,98.96166666666666,81.8275,85.38,91.37666666666668,91.0825,97.35916666666668,78.41749999999999,81.17916666666667,83.91416666666666,89.08083333333333,71.89666666666666,72.5175,76.4425,79.49666666666667,65.70916666666666,75.27083333333334,83.42,87.41250000000001,108.6525,117.4541666666667,45.7075,53.77416666666667,31.902500000000003,-2.0133333333333336,-8.23,-11.135833333333336,-12.115,71.22777777777782
1922-10-01,80.22500000000001,82.86416666666668,80.35666666666665,76.32916666666667,80.77416666666666,74.325,77.27583333333332,105.11333333333332,82.87333333333333,98.0075,80.7925,84.27416666666666,90.435,90.1975,96.58083333333332,77.40166666666669,80.175,82.98916666666666,88.2325,70.84916666666668,71.4875,75.5025,78.49333333333334,64.8325,74.68083333333333,83.11833333333333,86.86250000000001,108.42083333333332,117.13333333333334,44.65166666666666,52.778333333333336,30.409166666666664,-4.184166666666667,-10.426666666666668,-13.061666666666667,-14.230833333333337,70.18164351851851
1923-10-01,78.58333333333333,81.13833333333334,78.72833333333334,74.66333333333334,79.05,72.49583333333332,75.42333333333333,103.21166666666666,80.39916666666667,96.33083333333332,78.25083333333333,82.57916666666667,88.91250000000001,88.58666666666666,94.84250000000002,74.76000000000002,77.80666666666666,80.91833333333332,86.19249999999998,68.27749999999999,69.10916666666667,73.14166666666667,76.12583333333333,62.336666666666666,72.15833333333332,80.83,84.60333333333334,106.32916666666664,115.2175,41.32583333333333,50.03583333333333,25.40416666666667,-7.93,-13.980833333333331,-15.849166666666669,-16.983333333333334,67.86180555555555
1924-10-01,72.58833333333334,75.66083333333334,74.04916666666668,70.62083333333334,75.33666666666666,68.79749999999999,71.82583333333332,99.99666666666668,76.69,93.33249999999998,74.96499999999999,79.58166666666669,86.01083333333332,85.50999999999999,91.5475,71.63499999999999,74.85083333333334,77.875,82.79416666666667,64.85583333333334,65.69333333333333,69.62583333333333,73.06750000000001,58.86333333333334,67.88666666666667,75.89416666666666,80.00916666666667,101.37166666666666,111.2925,38.165,46.47916666666666,19.13,-11.097500000000002,-16.587500000000002,-18.24083333333333,-19.8875,64.17192129629629
1925-10-01,70.92833333333333,73.83,72.16666666666667,68.69666666666666,73.30333333333333,66.97333333333333,69.82166666666667,97.54,74.57416666666667,91.34333333333332,73.0775,77.86999999999999,84.375,83.90083333333334,90.05250000000001,70.0825,73.10083333333334,76.21166666666669,81.25833333333333,63.490833333333335,64.46,68.30999999999999,71.55583333333334,57.58916666666667,66.6425,74.53750000000001,78.91666666666669,100.22,110.27916666666664,35.821666666666665,44.73333333333333,16.661666666666665,-14.163333333333334,-18.895833333333336,-20.04,-21.6575,62.4324537037037
1926-10-01,69.05083333333334,71.69333333333333,70.0375,66.545,70.76083333333334,64.8675,67.40833333333335,95.17083333333332,72.18166666666667,89.27833333333335,70.78749999999998,75.9375,82.47583333333334,81.94416666666665,88.15583333333335,67.835,70.9075,74.10833333333333,79.225,61.360833333333325,62.363333333333344,66.21916666666667,69.37083333333334,55.52333333333334,64.73,72.77083333333333,77.14666666666666,98.48416666666668,108.07833333333336,32.98916666666667,42.260000000000005,13.221666666666666,-16.98,-21.36,-22.2225,-23.98583333333333,60.231689814814835
1927-10-01,67.22583333333333,69.64083333333333,67.91083333333333,64.34666666666668,68.37,62.72416666666667,65.05999999999999,92.77,69.86416666666668,87.19083333333333,68.66583333333335,74.03666666666668,80.56916666666666,80.00666666666666,86.24166666666667,65.77083333333334,68.89416666666666,72.11333333333333,77.25250000000001,59.23,60.26416666666666,64.13916666666667,67.31500000000001,53.32416666666666,62.72416666666666,70.91000000000001,75.28916666666666,96.72166666666664,106.02666666666664,30.0,39.64083333333333,9.620833333333334,-19.688333333333336,-23.76083333333333,-24.33083333333333,-26.1575,58.053402777777784
1928-10-01,63.81666666666666,66.1975,64.64250000000001,61.14083333333334,65.1075,59.3875,61.72749999999999,89.57916666666667,66.20916666666666,84.4825,65.33583333333333,71.48333333333333,77.99333333333334,77.37083333333334,83.4625,62.44166666666666,65.88916666666667,69.3125,74.37083333333334,55.475,56.77416666666667,60.8175,64.28249999999998,49.495000000000005,59.181666666666665,67.62499999999999,72.01916666666668,93.45499999999998,102.70083333333334,25.58083333333333,35.355,3.1716666666666664,-24.13333333333333,-27.44666666666667,-27.52083333333333,-29.285,54.65273148148148
1929-10-01,57.58583333333333,60.32416666666666,59.22833333333333,56.16666666666666,60.3625,54.781666666666666,57.26666666666668,85.87083333333334,62.251666666666665,81.03,61.491666666666674,67.92083333333333,74.34833333333334,73.52166666666666,79.39916666666666,58.348333333333336,62.04250000000001,65.24666666666668,70.06333333333333,51.15833333333333,52.37333333333333,56.274166666666666,60.04583333333333,44.93666666666667,54.11666666666667,62.2925,66.80250000000001,87.85666666666664,97.43666666666668,21.671666666666667,30.925,-3.3383333333333334,-27.540000000000003,-30.287500000000005,-30.334166666666672,-32.35833333333334,50.25784722222221
1930-10-01,49.27583333333333,52.62666666666666,52.344166666666666,50.42083333333334,54.939166666666665,48.745,52.20166666666668,81.3525,56.52166666666668,76.74416666666666,55.915833333333325,63.63166666666668,69.93083333333334,68.87833333333334,74.325,52.59583333333333,56.90583333333336,60.26666666666667,64.72250000000001,44.54833333333334,46.15166666666666,50.1575,54.67500000000001,38.0325,47.2325,55.502500000000005,60.10333333333332,80.75916666666667,90.8825,15.79,24.2,-11.259166666666664,-32.2225,-33.98833333333332,-33.50833333333333,-35.681666666666665,44.54775462962964
1931-10-01,40.03416666666666,44.00749999999999,44.76,43.9725,48.78916666666666,42.9,46.555,75.91583333333334,51.44666666666668,70.98416666666667,50.73666666666667,57.61333333333334,63.79833333333335,62.445,67.65750000000001,46.965833333333336,51.215833333333336,53.68333333333334,57.71916666666667,39.07666666666667,39.9325,43.28333333333334,48.12583333333333,31.846666666666664,39.49583333333334,46.98166666666666,51.76500000000001,71.88250000000001,82.76583333333333,11.08,18.968333333333337,-18.101666666666663,-35.7125,-36.840833333333336,-36.51583333333334,-38.88416666666667,38.34303240740739
1932-10-01,40.7375,43.7075,44.085,43.223333333333336,47.373333333333335,42.53166666666667,45.60333333333333,72.91333333333334,50.469166666666666,68.05166666666668,49.053333333333335,54.74916666666666,60.81666666666666,59.485833333333325,65.14333333333333,45.035833333333336,48.68833333333333,50.66749999999999,55.06,38.365833333333335,38.63583333333333,41.40916666666667,45.51583333333334,30.83666666666667,38.6725,46.48166666666666,51.10916666666666,71.715,81.82583333333334,8.290833333333333,17.813333333333336,-21.2175,-38.76416666666666,-39.09166666666667,-38.98416666666667,-41.16,36.6347222222222
1933-10-01,37.895,41.26499999999999,41.73250000000001,40.7,44.99916666666667,38.9475,42.725,69.81250000000001,46.52,64.7975,45.00416666666667,51.65083333333335,57.555,56.14833333333333,61.57416666666666,40.87666666666667,44.970000000000006,47.29750000000001,51.53333333333333,33.468333333333334,34.25666666666667,37.365,41.91666666666666,26.047500000000003,34.66416666666665,42.778333333333336,47.25833333333333,68.43916666666668,78.7225,3.676666666666667,12.805,-26.388333333333332,-42.33166666666666,-42.20166666666666,-42.065000000000005,-44.2825,33.05925925925928
1934-10-01,32.20083333333333,36.56916666666667,36.93749999999999,35.380833333333335,40.435833333333335,33.50833333333333,37.524166666666666,65.28666666666665,41.34666666666667,59.78416666666666,39.91666666666668,46.395,52.20666666666667,50.50083333333333,55.594166666666666,35.77,39.840833333333336,41.62583333333333,45.38249999999999,28.236666666666665,28.62833333333333,31.37333333333334,36.33083333333333,20.3625,27.711666666666662,35.333333333333336,39.85666666666667,61.075,72.38833333333332,-0.6941666666666668,7.8975,-33.281666666666666,-45.29583333333333,-45.11666666666667,-45.0675,-47.48333333333333,27.73504629629629
1935-10-01,40.77916666666668,43.94,42.23583333333333,39.400000000000006,42.8175,39.01583333333334,40.52,63.205000000000005,44.1925,57.7825,41.365833333333335,44.93000000000001,50.406666666666666,49.00333333333332,54.72083333333333,36.72083333333334,39.89,40.7725,44.90916666666666,29.692499999999995,29.22,31.39916666666667,36.15583333333334,20.604166666666668,28.022500000000004,36.12416666666667,40.83583333333333,62.51666666666667,74.06,-0.2975,8.693333333333333,-28.98333333333333,-45.95250000000001,-45.296666666666674,-45.69833333333333,-47.26916666666667,28.900949074074074
1936-10-01,41.69166666666667,43.837500000000006,42.620000000000005,40.38583333333333,43.34583333333333,40.49666666666667,41.43083333333333,62.2125,44.68833333333333,56.81,41.67583333333333,44.41,49.595000000000006,48.205000000000005,53.945,36.630833333333335,39.638333333333335,40.1325,44.325,30.05083333333333,29.16916666666667,31.139166666666664,35.686666666666675,20.455,28.05666666666667,36.59583333333333,41.06083333333333,64.5525,75.87,-0.6349999999999999,8.866666666666667,-28.8725,-46.1525,-45.66166666666666,-46.45416666666666,-47.475,28.953587962962974
1937-10-01,48.28249999999999,49.49666666666667,46.81,43.38666666666666,45.88583333333333,43.815,43.965833333333336,62.305,46.91499999999999,56.79166666666666,43.42250000000001,44.844166666666666,49.785,48.59666666666666,54.45833333333332,38.405,40.98916666666667,41.182500000000005,45.35333333333333,31.808333333333334,30.6,32.479166666666664,37.18583333333333,21.585833333333337,29.2075,38.53333333333333,42.45916666666667,69.21416666666666,80.98583333333333,1.6325000000000005,10.783333333333331,-23.879166666666663,-44.899166666666666,-44.864166666666655,-46.11000000000001,-46.53833333333333,30.968749999999993
1938-10-01,47.91833333333332,48.67333333333334,46.431666666666665,43.67249999999999,46.545,44.05833333333333,44.55000000000001,62.90916666666666,46.79,57.2225,43.46416666666666,45.267500000000005,50.134166666666665,48.7225,54.36083333333334,38.1775,40.81416666666667,40.76916666666666,44.92416666666667,32.53416666666667,31.030833333333334,32.46583333333333,36.6425,22.140000000000004,29.737499999999997,39.35416666666667,42.88583333333333,71.33833333333334,82.82916666666667,1.0275,11.470833333333331,-26.86916666666666,-45.24416666666667,-45.70333333333334,-47.38916666666666,-47.59,31.00182870370371
1939-10-01,45.6175,47.165,45.15333333333333,42.47416666666667,45.7775,41.92,43.25999999999999,62.93249999999998,45.19833333333333,56.9125,42.02166666666667,44.5725,49.50666666666667,47.92916666666667,53.45166666666668,36.763333333333335,39.675,39.7475,43.803333333333335,31.331666666666663,29.73,31.124166666666667,35.37916666666667,20.996666666666663,28.535000000000007,37.93583333333333,41.57583333333333,70.01416666666667,81.37333333333332,-0.2941666666666668,10.455833333333333,-30.364166666666662,-46.73,-47.2825,-49.09583333333333,-49.390833333333326,29.6993287037037
1940-10-01,49.44583333333335,51.21666666666668,48.2375,44.495000000000005,48.3325,44.00833333333333,45.1925,63.685,46.925,57.34,43.25666666666666,45.01833333333334,49.83916666666667,48.38,54.0325,37.994166666666665,40.77166666666667,40.7575,44.775000000000006,31.829166666666666,30.24083333333333,31.88666666666667,36.62333333333333,21.16,28.80583333333334,38.60916666666667,42.27166666666667,72.09833333333331,84.00583333333333,1.449166666666667,11.209166666666668,-25.914166666666663,-45.965833333333336,-47.08416666666667,-49.10416666666668,-49.285833333333336,31.014953703703707
1941-10-01,73.00666666666667,73.93416666666666,67.50916666666667,59.505,59.30916666666667,58.76583333333334,55.785,65.99249999999999,56.136666666666656,59.57583333333333,48.98500000000001,47.770833333333336,52.22583333333333,51.04833333333334,57.303333333333335,41.97166666666666,44.34583333333333,43.55333333333334,48.22083333333333,36.36083333333333,33.91166666666667,35.22083333333333,39.5125,24.575833333333332,32.03666666666667,42.123333333333335,46.41333333333333,77.5,90.34666666666668,4.000833333333333,14.1025,-16.713333333333335,-41.75083333333333,-42.86416666666668,-45.35333333333333,-43.269166666666656,37.5305324074074
1942-10-01,75.96583333333331,76.18583333333335,71.85916666666667,65.19666666666667,64.29833333333333,63.93083333333333,60.34583333333334,69.04416666666667,58.4875,62.60666666666668,52.21416666666667,51.12666666666667,55.22,53.63999999999999,59.29916666666666,44.58916666666666,47.281666666666666,45.80916666666667,49.98,39.52583333333333,36.60833333333333,37.47583333333333,41.68,27.043333333333337,34.0775,43.91916666666668,48.29,79.46916666666668,91.65833333333332,5.609166666666667,16.72833333333333,-18.1425,-38.36333333333334,-40.65416666666667,-43.8625,-41.23,40.19203703703705
1943-10-01,66.38250000000001,67.71416666666666,64.66499999999999,59.18416666666667,60.653333333333336,57.4175,56.21,70.67416666666666,55.20416666666668,63.906666666666666,51.04249999999999,52.03,56.27916666666667,54.38166666666667,59.24416666666667,44.626666666666665,47.6175,46.30500000000001,49.64916666666667,39.38166666666667,36.6825,37.31083333333334,42.06999999999999,26.955,33.67166666666667,43.103333333333325,46.90583333333333,77.53666666666666,89.35083333333331,6.609166666666667,17.576666666666664,-23.44083333333333,-38.77666666666667,-41.30083333333334,-44.72833333333333,-43.3,38.577638888888885
1944-10-01,59.498333333333335,61.67500000000001,58.80250000000001,53.82583333333333,57.07083333333335,51.95166666666666,52.67583333333334,70.93666666666668,52.64000000000001,64.01250000000002,49.16833333333333,51.64333333333334,56.17083333333333,54.12500000000001,58.720000000000006,43.4275,46.62916666666666,45.7375,48.83416666666667,37.899166666666666,35.565000000000005,36.25833333333333,41.34,25.764166666666664,32.072500000000005,40.97916666666666,45.04083333333333,74.04666666666667,85.9425,5.884166666666666,16.661666666666665,-27.389166666666668,-40.925,-43.4575,-46.53666666666667,-46.11166666666666,36.404976851851856
1945-10-01,55.59416666666667,58.1125,54.96666666666668,50.4325,54.548333333333325,48.56166666666667,50.429166666666674,70.93666666666665,51.211666666666666,63.941666666666656,47.88166666666666,51.16166666666666,55.9075,53.80583333333334,58.41583333333335,42.4025,45.685,45.0825,48.23416666666666,36.755833333333335,34.73,35.47833333333334,40.55916666666666,24.96833333333333,31.281666666666663,39.92,44.16166666666667,71.71500000000002,83.30999999999999,4.5775,15.652500000000002,-30.25666666666667,-43.024166666666666,-45.17000000000001,-47.945833333333326,-48.24666666666666,34.882731481481486
1946-10-01,52.64000000000001,55.21416666666667,51.8125,47.67000000000001,51.91416666666667,45.7325,48.23083333333333,70.22583333333334,49.47666666666667,63.19166666666666,46.055,50.05583333333333,54.990833333333335,52.82750000000001,57.485833333333325,40.62083333333333,44.11333333333332,43.8625,47.06,34.66916666666666,33.0,33.983333333333334,39.1625,23.289166666666663,29.79083333333333,38.2975,42.68666666666667,68.98083333333334,79.9825,1.7775,13.335833333333332,-34.66583333333333,-45.78416666666666,-47.29333333333333,-49.66416666666667,-50.50833333333333,32.89499999999999
1947-10-01,50.01916666666668,52.53333333333333,49.4475,45.72166666666666,49.91416666666667,43.54333333333333,46.4125,69.135,47.8175,62.19166666666666,44.4975,48.89333333333334,53.97916666666668,51.83500000000001,56.54416666666666,39.2,42.74583333333333,42.73166666666666,46.01083333333335,32.92333333333334,31.5725,32.7325,37.96666666666668,21.70833333333333,28.3325,36.74,41.35083333333333,66.3875,76.95249999999999,-0.8333333333333331,11.005833333333332,-38.981666666666655,-48.900000000000006,-49.87166666666667,-51.84333333333333,-53.15833333333333,31.034930555555565
1948-10-01,44.696666666666665,47.63583333333335,45.74,42.78833333333333,47.23416666666666,39.725,43.410833333333336,67.18416666666667,44.47333333333333,60.19916666666666,41.123333333333335,46.69,51.836666666666666,49.55083333333334,54.09916666666667,35.41416666666667,39.61666666666667,39.98583333333333,43.2625,28.64,27.70083333333333,29.25333333333333,34.660000000000004,17.765833333333337,24.86833333333333,33.14166666666667,37.9125,61.810833333333335,72.37416666666665,-4.663333333333334,6.682499999999998,-45.255,-52.02666666666666,-52.70666666666667,-54.43833333333333,-56.26083333333332,27.61460648148148
1949-10-01,37.73250000000001,41.67583333333334,40.994166666666665,38.31166666666667,43.16333333333333,35.11833333333333,39.02583333333334,63.69083333333334,40.18583333333333,56.478333333333325,36.83416666666666,42.61416666666667,47.8225,45.31166666666667,49.68333333333333,30.841666666666665,35.33416666666667,35.48416666666667,38.53166666666667,23.89333333333333,22.786666666666665,24.235,29.894166666666678,12.999166666666662,19.24833333333333,26.973333333333333,32.00416666666667,54.6775,65.51,-9.1825,1.8683333333333327,-52.59916666666667,-55.38833333333333,-55.814166666666665,-57.40666666666666,-59.625,22.858564814814812
1950-10-01,51.58666666666665,53.84583333333333,48.77833333333333,43.3625,46.31333333333333,41.65166666666667,43.11166666666667,62.307500000000005,44.78916666666667,55.30583333333333,39.67583333333334,42.01666666666667,46.93750000000001,44.9075,50.18333333333334,32.84583333333333,36.63,35.915,39.57333333333333,26.05583333333333,23.8275,24.97833333333333,30.72083333333333,13.544166666666667,19.925833333333333,28.250833333333333,34.01166666666667,55.30916666666667,66.28416666666666,-7.699166666666668,2.865,-45.51833333333333,-55.5025,-55.3725,-57.020833333333336,-58.2075,25.171944444444435
1951-10-01,50.1975,51.65166666666668,47.96416666666666,43.68666666666666,46.84,42.649166666666666,43.830000000000005,62.21416666666667,45.14666666666667,55.336666666666666,40.7975,42.53333333333333,47.205000000000005,45.18,50.32166666666668,33.7875,37.52083333333333,36.46083333333333,39.973333333333336,26.9575,24.558333333333334,25.730833333333333,31.477500000000003,14.043333333333331,20.72,29.705,34.88416666666667,58.825,69.7075,-5.95,4.200833333333333,-45.53916666666667,-54.69333333333333,-55.27916666666666,-57.50249999999999,-58.15999999999999,25.749513888888885
1952-10-01,45.3775,47.10166666666667,44.79916666666667,41.619166666666665,45.48916666666667,39.9625,41.99666666666667,61.92833333333334,42.95833333333332,54.91166666666667,39.23583333333334,41.9825,46.72166666666667,44.5425,49.40333333333333,32.653333333333336,36.403333333333336,35.515833333333326,38.885,26.26333333333334,23.992500000000003,25.048333333333336,30.536666666666665,13.645,20.365,29.47666666666666,34.13416666666667,60.04583333333333,70.73666666666666,-6.185,4.206666666666666,-48.97833333333333,-55.34333333333334,-56.40083333333334,-59.07750000000001,-59.81333333333333,24.55944444444445
1953-10-01,41.4,43.836666666666666,42.45583333333333,39.62833333333334,43.705000000000005,37.34166666666667,39.89333333333333,61.15916666666666,40.59166666666666,53.88249999999999,36.78416666666666,40.4825,45.36166666666667,42.9825,47.77666666666666,30.165000000000003,34.13999999999999,33.489999999999995,36.844166666666666,24.15333333333333,21.98333333333333,22.999166666666664,28.28333333333333,11.968333333333334,18.595,27.41333333333333,32.0575,57.43416666666666,67.86999999999999,-8.771666666666667,2.39,-54.19499999999999,-57.07416666666666,-58.225,-60.99083333333332,-62.03333333333334,22.38273148148147
1954-10-01,37.958333333333336,41.31583333333334,40.43,37.46666666666667,41.803333333333335,34.78083333333334,37.700833333333335,59.70583333333333,38.12416666666668,52.285833333333336,34.2875,38.6275,43.58166666666667,41.09333333333333,45.81083333333334,27.70583333333333,31.885833333333338,31.40833333333333,34.6975,21.578333333333333,19.56833333333333,20.644166666666667,26.04833333333333,9.595833333333331,16.051666666666666,24.61833333333333,29.50166666666668,54.035833333333336,64.395,-11.7825,-0.1925,-58.676666666666655,-59.33583333333333,-60.32583333333334,-63.01916666666667,-64.40333333333332,19.97143518518519
1955-10-01,56.70083333333333,58.5325,53.63833333333333,47.02583333333333,48.045,45.69833333333333,44.52166666666668,59.21083333333332,43.79166666666666,51.859166666666674,36.940000000000005,38.59583333333333,43.34833333333333,41.370000000000005,46.98416666666666,29.424166666666668,33.2325,32.38666666666666,36.3875,22.891666666666666,20.30333333333333,21.46166666666667,27.13083333333333,9.903333333333334,16.689166666666665,26.10833333333333,31.464166666666667,55.82999999999999,66.83333333333336,-10.748333333333331,-0.0099999999999998,-52.02,-59.87583333333333,-60.155,-62.52916666666667,-63.19833333333335,23.27145833333333
1956-10-01,57.40083333333334,57.92250000000001,54.25083333333334,48.98833333333332,49.62583333333333,48.82083333333333,47.176666666666655,59.665,45.333333333333336,52.54083333333333,38.630833333333335,39.767500000000005,44.17916666666667,41.92416666666666,47.20166666666666,30.07333333333333,34.024166666666666,32.54333333333333,36.41166666666666,24.17583333333334,21.160833333333336,22.035000000000007,27.235,10.554999999999998,17.378333333333334,26.8,32.196666666666665,56.79916666666666,67.2,-11.436666666666667,0.39,-54.75999999999999,-59.9575,-60.64000000000001,-63.270833333333336,-63.60583333333335,23.853773148148157
1957-10-01,51.02,52.60999999999999,49.33166666666667,44.973333333333336,47.28916666666667,44.17,44.42166666666666,59.835,43.53166666666666,52.4675,38.175,39.68833333333334,44.005,41.675,46.56083333333333,30.219166666666663,34.24916666666667,32.572500000000005,35.89666666666667,24.071666666666665,20.92833333333333,21.63333333333333,27.348333333333333,10.235833333333334,16.605,25.77083333333333,30.835,56.054166666666674,66.40416666666665,-10.633333333333333,0.75,-57.38166666666667,-60.10666666666666,-61.16833333333333,-64.0625,-64.56166666666667,22.65039351851852
1958-10-01,46.725,48.56333333333333,45.935,42.38166666666666,45.68416666666667,40.88999999999999,42.29083333333333,59.75666666666667,42.22833333333334,52.36333333333334,37.41,39.55083333333333,43.93333333333333,41.50083333333334,46.185,29.667499999999997,33.725833333333334,32.1225,35.36333333333334,23.735,20.64333333333333,21.2325,26.83666666666667,9.829166666666667,16.183333333333334,25.205,30.34833333333334,55.31999999999999,65.36833333333333,-10.991666666666664,0.5716666666666667,-59.32916666666666,-60.74666666666667,-62.0425,-65.1975,-65.53083333333335,21.603125000000006
1959-10-01,41.9375,44.14499999999999,42.7175,39.74166666666666,43.535,37.39999999999999,39.59333333333333,58.8825,39.32833333333333,51.33583333333334,34.86833333333333,38.0975,42.64333333333334,40.000833333333325,44.5125,27.397500000000004,31.62166666666667,30.26333333333333,33.32666666666667,21.69333333333334,18.774166666666662,19.30666666666667,24.86,8.193333333333332,14.3375,23.05333333333333,28.101666666666677,52.50833333333333,62.285,-13.238333333333332,-1.0416666666666667,-64.83666666666667,-62.28416666666667,-63.820833333333326,-67.16916666666665,-67.85000000000001,19.283912037037034
1960-10-01,36.071666666666665,39.56583333333334,39.00083333333334,36.09583333333333,40.4575,32.57833333333334,36.05833333333334,56.89083333333334,34.93666666666667,49.20166666666668,30.69,35.7125,40.3475,37.54,41.69916666666666,23.113333333333333,28.06083333333333,27.395,30.2475,16.49416666666667,14.425000000000002,15.615,21.519166666666663,3.748333333333333,10.250833333333334,18.485,23.76833333333333,47.0925,57.21333333333334,-17.669166666666666,-6.049166666666667,-71.30916666666668,-65.09666666666668,-66.62333333333332,-69.85249999999999,-71.1975,15.457708333333333
1961-10-01,29.090000000000003,33.65166666666667,33.089166666666664,29.7475,34.94083333333333,25.909166666666664,29.9725,52.83083333333332,29.41,44.755,25.47833333333333,30.870833333333334,35.53333333333333,32.45416666666666,36.27333333333333,18.07333333333333,23.214166666666667,22.20416666666667,24.584166666666665,10.9975,8.757499999999999,9.625,16.194166666666668,-2.035833333333333,3.19,10.655,16.243333333333336,37.92,48.803333333333335,-21.629166666666663,-11.13,-77.31083333333332,-67.81416666666668,-69.57083333333334,-72.82333333333334,-74.91166666666668,9.923402777777776
1962-10-01,29.1225,33.328333333333326,32.17083333333333,28.359166666666663,33.23583333333334,24.8025,28.3425,50.65583333333333,28.19250000000001,42.53333333333333,24.1475,28.509166666666665,33.20333333333333,30.21083333333333,34.453333333333326,16.867499999999996,21.489166666666662,20.13083333333333,22.738333333333333,10.085,7.443333333333332,7.9674999999999985,14.495833333333332,-3.4858333333333325,1.8575,9.6975,15.402500000000002,36.79500000000001,47.45166666666668,-21.567499999999995,-11.509166666666664,-76.52,-69.08583333333333,-70.92166666666667,-74.31166666666668,-76.43083333333333,8.60712962962963
1963-10-01,28.69250000000001,32.7125,31.25500000000001,27.145,31.978333333333328,23.58833333333333,26.9975,48.87166666666666,26.88666666666667,40.74583333333333,22.579999999999995,26.694166666666664,31.3875,28.382500000000004,32.76583333333333,15.245000000000005,19.606666666666666,18.12666666666667,20.88333333333333,8.795,6.0425,6.355833333333333,12.623333333333331,-4.9433333333333325,0.6675,8.779166666666667,14.204166666666666,35.955000000000005,46.61333333333334,-23.360000000000003,-12.778333333333334,-78.35833333333333,-69.8275,-71.86749999999999,-75.335,-77.3225,7.244120370370372
1964-10-01,34.340833333333336,37.81583333333333,34.880833333333335,29.721666666666664,33.61333333333333,26.699166666666667,28.53583333333333,47.26499999999999,27.784166666666664,39.208333333333336,22.37833333333333,25.350000000000005,29.947499999999994,27.133333333333336,31.9275,14.646666666666668,18.85166666666667,17.181666666666665,20.2525,8.179166666666665,5.119166666666667,5.446666666666665,11.726666666666668,-5.880833333333334,-0.2008333333333333,8.255,13.860833333333336,35.850833333333334,46.79583333333333,-24.058333333333334,-13.718333333333334,-76.00583333333333,-70.15583333333333,-71.97583333333334,-75.46249999999998,-77.065,7.45125
1965-10-01,32.049166666666665,35.50416666666667,33.60166666666667,29.09583333333333,32.81000000000001,26.370833333333334,27.986666666666668,45.935,26.635,37.98333333333333,21.53833333333333,24.375,28.83916666666667,25.951666666666668,30.598333333333333,13.52,17.80333333333333,15.924166666666666,18.94083333333333,7.373333333333332,4.094166666666666,4.323333333333333,10.441666666666666,-6.95,-1.3416666666666666,7.1225,12.749166666666667,35.369166666666665,46.02916666666666,-25.05916666666666,-14.54,-79.33916666666669,-71.1575,-73.14666666666669,-76.87416666666667,-78.48666666666666,6.279722222222223
1966-10-01,29.77,33.36083333333333,31.66583333333333,27.203333333333333,31.223333333333333,24.03833333333333,26.19833333333333,44.87416666666666,24.618333333333336,36.695,19.9625,23.064166666666665,27.44416666666667,24.462499999999995,28.930833333333336,12.142499999999998,16.478333333333335,14.555,17.315833333333334,5.921666666666667,2.6250000000000004,2.8241666666666667,9.150833333333336,-8.420000000000002,-2.875833333333333,5.767499999999999,11.076666666666668,34.70833333333333,45.10416666666666,-25.307499999999997,-15.270833333333336,-80.36166666666666,-72.46083333333335,-74.65333333333332,-78.5675,-80.34333333333332,4.803356481481479
1967-10-01,28.57166666666667,32.190000000000005,30.2675,25.579166666666666,29.91,21.985000000000003,24.61666666666667,43.70166666666668,22.795,35.3525,18.160833333333333,21.678333333333335,26.055000000000003,22.999166666666667,27.34,10.475833333333332,14.788333333333332,12.913333333333334,15.624166666666667,4.2475,1.0891666666666666,1.225,7.550833333333333,-10.105833333333331,-4.471666666666667,4.359166666666666,9.4725,33.78,44.055,-27.161666666666665,-16.793333333333333,-82.85416666666666,-73.9025,-76.05166666666666,-80.0125,-81.19333333333334,3.2843518518518566
1968-10-01,35.20666666666667,38.79666666666667,35.376666666666665,29.447499999999994,32.517500000000005,26.684166666666663,27.210000000000004,42.91666666666666,25.515833333333333,34.40833333333334,19.18,20.91583333333333,25.11083333333333,22.320833333333336,27.08083333333334,10.9675,15.0775,12.841666666666663,15.781666666666666,4.358333333333333,0.7141666666666667,0.8466666666666667,7.564999999999999,-10.76,-5.09,4.2625,9.470833333333331,34.86666666666666,46.20583333333333,-25.986666666666665,-16.8025,-77.52166666666668,-73.91083333333334,-75.6125,-79.38583333333334,-79.9175,4.4627546296296305
1969-10-01,39.67333333333334,42.1425,39.563333333333325,34.56,36.50833333333333,33.5925,32.19583333333333,43.72083333333333,29.664166666666663,35.3225,22.19,22.31416666666667,26.212499999999995,23.4525,28.419166666666666,12.931666666666668,16.796666666666667,13.891666666666667,17.123333333333335,7.153333333333332,2.7183333333333333,2.411666666666666,8.719166666666668,-9.065833333333332,-3.325,6.460000000000001,11.739166666666664,38.01416666666667,49.44666666666666,-24.66,-14.736666666666666,-74.7575,-71.84416666666668,-74.08416666666666,-78.25749999999998,-78.23666666666666,6.888055555555553
1970-10-01,36.095,38.7175,37.1175,33.0875,35.65583333333334,31.695,31.451666666666664,44.33416666666667,28.18416666666667,35.759166666666665,21.610833333333336,22.601666666666663,26.445000000000004,23.33333333333333,27.835833333333337,12.336666666666668,16.399166666666666,13.2875,16.108333333333338,7.237500000000001,2.621666666666667,1.919166666666667,8.038333333333332,-9.025833333333331,-3.730833333333333,5.748333333333334,10.739166666666664,37.1375,47.82749999999999,-25.688333333333333,-14.5125,-81.06083333333333,-72.14416666666666,-74.90916666666666,-79.56666666666666,-79.88333333333334,5.911203703703701
1971-10-01,32.97,36.24833333333333,34.669999999999995,30.435,33.774166666666666,27.826666666666668,28.9475,44.155,25.506666666666664,35.343333333333334,19.490833333333327,21.808333333333334,25.775,22.4375,26.614166666666662,10.594166666666666,14.890833333333337,12.029166666666669,14.5625,5.701666666666667,1.2499999999999998,0.445,6.625,-10.231666666666667,-5.380833333333334,3.700833333333332,8.709166666666667,34.68666666666667,45.05583333333334,-27.79833333333333,-15.795833333333334,-85.84499999999998,-73.89499999999998,-76.65833333333333,-81.5125,-82.55999999999999,4.01599537037037
1972-10-01,31.33333333333333,34.776666666666664,32.96333333333334,28.345,32.140833333333326,24.906666666666663,26.825833333333332,43.59166666666667,23.824166666666667,34.645833333333336,18.35083333333333,20.9975,24.99083333333333,21.683333333333326,25.773333333333337,10.02,14.374166666666667,11.700833333333335,13.959166666666668,4.302500000000001,0.145,-0.3833333333333333,6.430833333333333,-11.558333333333332,-6.775833333333335,2.19,7.324999999999998,33.00083333333333,43.53333333333333,-27.7675,-16.650833333333335,-86.23166666666667,-75.53666666666666,-78.30916666666666,-83.17,-84.92583333333334,2.8006018518518485
1973-10-01,30.75,34.119166666666665,32.000833333333325,27.03833333333333,31.049166666666665,23.19083333333333,25.4825,43.0925,23.03166666666667,34.145,17.61,20.45,24.506666666666664,21.211666666666662,25.2925,9.385,13.693333333333332,11.096666666666666,13.425833333333337,3.4258333333333333,-0.4858333333333333,-0.9691666666666668,5.8525,-12.401666666666666,-7.554166666666667,1.3908333333333334,6.654166666666666,32.0075,42.56666666666667,-28.163333333333338,-17.425833333333333,-87.08999999999999,-76.72166666666668,-79.49083333333333,-84.3175,-86.44666666666667,1.9834027777777752
1974-10-01,30.31583333333333,33.62499999999999,31.278333333333336,26.1025,30.29083333333334,22.099166666666665,24.52,42.49833333333333,22.1025,33.45583333333333,16.599166666666665,19.52083333333333,23.655833333333334,20.29083333333333,24.425833333333333,8.295,12.645,10.024166666666668,12.366666666666664,2.28,-1.615833333333333,-2.113333333333333,4.703333333333333,-13.460000000000004,-8.621666666666664,0.3566666666666666,5.6025,30.896666666666665,41.34916666666667,-29.1325,-18.530833333333334,-88.23833333333333,-78.0525,-80.86999999999999,-85.60583333333334,-87.83916666666666,0.9783333333333325
1975-10-01,29.5475,32.9,30.456666666666663,25.120833333333334,29.4375,20.910000000000004,23.459166666666665,41.35666666666666,20.6275,32.336666666666666,14.995833333333335,18.335833333333333,22.52583333333333,19.10333333333333,23.17833333333333,6.653333333333333,11.041666666666666,8.539166666666667,10.930833333333334,0.7308333333333333,-2.974166666666666,-3.510833333333333,3.150833333333333,-14.8575,-10.098333333333334,-1.149166666666667,4.1275,29.50333333333333,39.81166666666667,-31.522500000000004,-20.37333333333333,-92.10666666666668,-79.85166666666669,-82.66666666666667,-87.39583333333333,-89.5825,-0.4807870370370395
1976-10-01,25.3025,29.09583333333333,27.06083333333333,21.9425,26.486666666666668,16.998333333333335,20.3125,38.90583333333333,16.576666666666664,29.71249999999999,10.856666666666667,15.732500000000002,19.78333333333333,16.1225,19.63166666666667,2.0333333333333337,7.228333333333334,5.108333333333333,7.138333333333333,-5.201666666666667,-7.5758333333333345,-7.471666666666668,-0.6791666666666666,-19.41583333333333,-14.989166666666668,-6.825,-1.3258333333333334,22.85583333333333,33.880833333333335,-36.46416666666666,-26.32333333333333,-99.2925,-82.54583333333332,-85.34666666666665,-89.89333333333333,-92.35666666666668,-4.5261342592592575
1977-10-01,18.22583333333333,22.515833333333333,20.50333333333333,14.99,20.484166666666663,9.390833333333337,13.590833333333334,34.1275,10.025833333333331,24.35083333333333,4.7925,10.121666666666668,14.024166666666666,9.980000000000002,12.879166666666668,-3.813333333333333,1.6483333333333332,-0.8666666666666666,0.305,-11.4,-14.390833333333337,-14.735,-6.783333333333335,-26.669166666666666,-23.741666666666664,-16.312499999999996,-10.708333333333336,13.3275,25.94833333333333,-40.47333333333333,-32.181666666666665,-104.28499999999998,-85.26083333333334,-88.24333333333334,-92.7275,-95.52583333333332,-10.746851851851853
1978-10-01,19.741666666666667,23.55,20.61916666666667,14.4125,19.5575,9.423333333333334,12.670833333333334,32.416666666666664,9.641666666666666,22.58083333333333,4.342499999999999,8.108333333333334,12.121666666666668,8.248333333333333,11.784166666666664,-4.119166666666667,0.6566666666666666,-2.4008333333333334,-0.8408333333333333,-11.195833333333333,-14.984166666666669,-15.805833333333334,-7.840833333333332,-27.504166666666663,-24.203333333333333,-15.904166666666669,-10.410833333333334,15.527499999999998,28.050833333333333,-39.337500000000006,-31.159166666666664,-101.7475,-84.97000000000001,-88.01833333333333,-92.87583333333332,-94.35833333333336,-10.950625
1979-10-01,32.26,36.01166666666667,30.7025,22.701666666666664,25.069166666666664,19.234166666666667,18.695,31.474999999999994,14.795833333333333,21.83666666666667,6.370000000000001,7.730833333333333,11.610833333333334,8.184166666666666,12.664166666666668,-3.2808333333333333,1.0516666666666663,-2.2975,0.2366666666666666,-9.606666666666667,-14.33,-15.365000000000002,-7.765833333333333,-27.090833333333336,-23.455,-14.539166666666672,-8.405833333333334,17.080000000000002,30.259166666666665,-39.36333333333334,-30.9425,-95.72666666666665,-83.605,-85.93333333333334,-90.75166666666668,-90.62,-8.197499999999998
1980-10-01,32.02166666666667,34.931666666666665,31.673333333333336,25.844166666666663,27.466666666666665,24.186666666666664,22.238333333333333,31.507499999999997,16.410833333333333,22.057500000000005,7.863333333333334,8.4425,11.981666666666667,8.358333333333334,12.68916666666667,-2.7875,1.6266666666666667,-2.3241666666666663,0.21,-8.237500000000002,-13.63,-14.94,-7.820833333333333,-26.528333333333325,-22.6225,-13.460833333333332,-7.276666666666667,18.53833333333333,30.964166666666667,-40.09749999999999,-30.23333333333333,-97.2425,-82.99333333333333,-85.33916666666666,-90.4,-89.61000000000001,-7.403657407407406
1981-10-01,30.145,33.46666666666667,30.6375,24.850833333333338,27.209166666666672,22.33583333333333,21.669166666666666,31.8475,15.846666666666666,22.1125,8.285,8.745833333333332,12.04,8.35,12.290833333333332,-1.8683333333333327,2.500833333333333,-1.8533333333333333,0.0766666666666666,-7.495000000000001,-13.216666666666669,-14.775,-7.116666666666667,-26.382500000000004,-22.5275,-12.969166666666666,-7.588333333333334,20.4825,32.92666666666667,-37.92166666666667,-28.78916666666666,-96.0675,-83.19083333333332,-85.78416666666665,-91.0425,-90.69916666666668,-7.318564814814812
1982-10-01,42.1675,44.5575,38.90166666666667,31.5325,32.70916666666667,29.53,27.371666666666663,33.95583333333333,22.765,24.05333333333333,13.649166666666668,11.2725,14.196666666666664,10.963333333333331,15.62833333333333,2.7116666666666664,6.6525,1.5291666666666668,4.016666666666667,-2.625833333333333,-9.673333333333334,-11.573333333333336,-3.647499999999999,-23.2675,-19.17333333333333,-8.795833333333333,-2.920833333333333,28.364166666666677,41.79666666666667,-31.454166666666666,-23.53,-82.70583333333333,-79.51083333333334,-82.40416666666668,-87.86749999999999,-86.435,-2.146111111111115
1983-10-01,55.083333333333336,54.52916666666667,46.98916666666667,39.06666666666666,39.135,37.9175,34.42583333333334,37.46833333333333,29.038333333333327,27.6775,18.933333333333334,15.344166666666666,17.994166666666665,14.736666666666666,19.455,6.9075,10.693333333333332,4.9525,7.632500000000001,2.7975,-5.047499999999999,-7.568333333333334,-0.1983333333333332,-18.83416666666667,-15.200833333333334,-4.835000000000001,1.4591666666666665,33.4125,46.51749999999999,-28.38,-18.6325,-79.43416666666667,-73.7925,-78.75416666666668,-85.16583333333334,-82.35833333333333,2.887916666666668
1984-10-01,48.19083333333334,47.80916666666667,43.29,37.75833333333333,38.965833333333336,36.28916666666667,34.33416666666667,39.98833333333334,27.789166666666663,30.00333333333333,18.9475,17.287499999999998,20.01333333333333,16.184166666666666,19.995,7.276666666666667,11.339999999999998,5.572500000000001,7.502499999999998,3.9,-3.6758333333333337,-6.668333333333334,0.345,-17.243333333333336,-14.256666666666666,-4.398333333333333,1.1375000000000002,32.453333333333326,44.61666666666667,-29.059166666666663,-17.444166666666664,-87.53916666666667,-73.27083333333333,-78.85583333333334,-86.04999999999997,-84.02499999999999,2.4584259259259253
1985-10-01,42.82999999999999,44.30166666666667,40.973333333333336,35.869166666666665,38.08416666666667,33.42249999999999,32.980000000000004,41.79416666666666,27.2025,31.48,18.79083333333333,18.30583333333333,21.215,17.334999999999997,20.9175,7.982499999999999,12.185833333333331,6.922499999999999,8.499166666666666,4.02,-3.101666666666666,-5.864166666666667,1.711666666666667,-16.661666666666665,-14.145,-4.7,0.8958333333333334,31.15166666666667,43.385,-28.08666666666667,-16.916666666666668,-86.45,-74.00333333333333,-78.9475,-86.07083333333333,-85.09333333333332,2.2837500000000004
1986-10-01,39.12416666666666,41.33166666666667,38.90666666666667,34.19833333333333,37.145,31.263333333333332,31.775,42.9475,26.63,32.73916666666667,18.795,19.386666666666667,22.489166666666662,18.567500000000003,21.978333333333328,8.355833333333333,12.728333333333332,7.883333333333333,9.4675,3.977499999999999,-2.504166666666667,-4.984166666666666,2.56,-16.1875,-13.688333333333334,-4.545,1.4225,30.505,42.50666666666666,-28.56333333333333,-17.165833333333335,-88.38166666666666,-75.10583333333334,-79.58166666666666,-86.43666666666665,-85.87583333333335,2.046226851851854
1987-10-01,33.255,36.68749999999999,35.015,30.530833333333337,34.34333333333334,26.358333333333334,28.515,42.51583333333334,23.134999999999994,32.22916666666667,15.902499999999998,18.51,21.76083333333333,17.580833333333334,20.511666666666667,5.601666666666668,10.599166666666669,6.317500000000002,7.544999999999999,0.3341666666666667,-4.9425,-6.945,0.6316666666666666,-18.40416666666667,-15.988333333333337,-7.571666666666668,-1.6175,25.82416666666667,37.8,-31.811666666666664,-20.77,-95.37166666666668,-77.46416666666667,-81.79666666666667,-88.37750000000001,-88.71749999999999,-0.7853935185185202
1988-10-01,26.418333333333337,30.67333333333333,29.064166666666665,24.295,29.116666666666664,19.33083333333333,22.675,39.580000000000005,17.606666666666666,29.02833333333333,10.779166666666669,14.82,18.22416666666667,13.723333333333333,16.18583333333333,0.6266666666666664,6.135000000000001,2.020833333333333,2.7891666666666666,-5.140833333333334,-10.118333333333334,-12.110833333333334,-4.0725,-23.5,-22.046666666666667,-14.760833333333332,-8.4725,16.33583333333333,28.89,-36.865833333333335,-26.30916666666667,-103.29333333333336,-80.77,-84.89,-91.07666666666668,-92.4725,-6.043935185185186
1989-10-01,23.46166666666667,27.714166666666667,25.77583333333333,20.609166666666667,25.5475,15.28416666666667,18.85166666666667,36.84666666666667,14.08333333333333,26.28,7.363333333333334,11.735,15.266666666666666,10.678333333333336,13.193333333333332,-2.8875,2.786666666666666,-1.3191666666666668,-0.5183333333333333,-8.924166666666666,-13.6475,-15.608333333333336,-7.537499999999999,-26.76750000000001,-25.68166666666666,-18.74,-12.1225,11.009166666666667,23.495833333333334,-40.1125,-29.805000000000003,-107.29166666666669,-83.46583333333334,-87.2675,-93.13416666666666,-95.22666666666667,-9.44652777777778
1990-10-01,20.394166666666667,24.614999999999995,22.35666666666667,16.6725,21.935,11.040833333333332,14.840833333333334,33.38916666666666,10.146666666666668,22.77916666666667,3.5916666666666663,8.088333333333333,11.6675,7.025833333333334,9.551666666666668,-6.4025,-0.7758333333333334,-4.860833333333333,-4.2025,-12.6325,-17.434166666666666,-19.4575,-11.023333333333335,-30.69,-29.83833333333334,-23.1775,-16.320000000000004,5.5183333333333335,17.903333333333336,-43.29416666666668,-33.509166666666665,-110.39583333333331,-86.18916666666668,-89.81,-95.43833333333332,-97.92833333333334,-13.107314814814817
1991-10-01,19.28333333333333,23.32083333333333,20.765,14.74,19.97083333333333,9.171666666666663,12.759166666666667,30.81833333333333,7.995000000000001,20.350000000000005,1.66,5.763333333333333,9.349166666666669,4.840833333333333,7.571666666666666,-8.252500000000001,-2.769166666666667,-6.893333333333334,-6.070833333333333,-15.201666666666668,-19.59333333333333,-21.355833333333333,-12.85666666666667,-33.031666666666666,-31.701666666666664,-24.7575,-17.835000000000004,3.4166666666666665,15.349999999999996,-44.92250000000001,-35.87916666666667,-112.07,-88.80416666666667,-92.15583333333332,-97.54833333333332,-100.115,-15.130231481481482
1992-10-01,16.303333333333335,20.406666666666663,17.71083333333333,11.318333333333332,16.866666666666667,5.478333333333333,9.300833333333337,27.642499999999995,4.901666666666667,17.109166666666667,-1.0208333333333337,2.6508333333333334,6.144166666666667,1.6741666666666666,4.3825,-10.721666666666666,-5.3133333333333335,-9.624999999999998,-8.996666666666668,-18.134166666666665,-22.784166666666668,-24.549166666666668,-15.490833333333333,-36.555,-35.09166666666667,-27.804166666666664,-21.24833333333333,0.9325,13.5925,-45.80833333333334,-38.305,-111.70166666666668,-91.02083333333331,-94.33666666666667,-99.61416666666668,-102.28083333333332,-17.88854166666667
1993-10-01,17.346666666666664,21.110000000000003,17.761666666666667,10.804166666666667,16.03916666666667,5.359999999999999,8.548333333333334,25.988333333333333,4.547499999999999,15.543333333333337,-1.8691666666666664,1.0166666666666666,4.595833333333334,0.2024999999999999,3.3475,-11.793333333333337,-6.805000000000001,-11.353333333333332,-10.22,-18.3075,-23.44083333333333,-25.544166666666666,-17.08,-37.08666666666667,-35.05083333333334,-27.04416666666667,-20.801666666666662,2.5,14.753333333333332,-46.24166666666667,-37.97083333333334,-112.26083333333332,-91.70666666666666,-95.2175,-100.5925,-102.49666666666668,-18.428287037037038
1994-10-01,19.1075,23.174166666666668,18.9325,11.365833333333333,15.941666666666665,6.515833333333333,8.880833333333333,25.074166666666667,5.453333333333333,14.58,-1.6783333333333337,0.12,3.646666666666667,-0.5200000000000001,3.114166666666667,-11.800833333333332,-7.0275,-11.580833333333336,-10.104166666666664,-18.12333333333333,-23.676666666666662,-25.64583333333333,-17.191666666666666,-37.10583333333334,-34.619166666666665,-25.799166666666665,-19.9275,5.2108333333333325,17.465833333333336,-45.376666666666665,-37.42583333333334,-107.16916666666668,-91.45833333333331,-94.80833333333334,-100.23,-101.48583333333336,-17.89365740740741
1995-10-01,20.265833333333337,24.16083333333333,19.795,12.2725,16.5725,8.190833333333332,9.8325,24.77583333333333,6.543333333333333,14.405,-0.805,0.2983333333333333,3.7291666666666665,-0.2725,3.5475000000000008,-10.996666666666668,-6.489999999999999,-11.020833333333334,-9.295833333333333,-16.995833333333334,-22.74,-24.64916666666667,-16.41,-36.274166666666666,-33.37833333333334,-24.09,-18.2475,8.503333333333332,20.82583333333333,-44.45,-36.2625,-104.87833333333334,-90.32833333333332,-93.7625,-99.3675,-99.53416666666668,-16.848078703703706
1996-10-01,35.37,38.3875,32.27583333333333,23.601666666666663,24.587499999999995,21.191666666666663,18.346666666666668,25.49,13.096666666666666,15.270833333333334,3.0175,1.665,4.886666666666667,1.3158333333333332,5.955000000000001,-8.126666666666667,-4.093333333333334,-9.015833333333331,-6.546666666666668,-13.0825,-20.058333333333334,-22.32583333333333,-14.349166666666669,-33.784166666666664,-30.64583333333333,-20.77,-14.3925,12.666666666666664,25.5025,-42.40083333333333,-33.58166666666667,-98.6175,-88.38583333333334,-91.62,-97.44,-96.44333333333331,-12.30701388888889
1997-10-01,37.38833333333333,39.655,36.149166666666666,30.079166666666666,29.8625,29.534166666666664,25.035833333333333,27.725000000000005,17.247500000000002,17.566666666666663,7.025833333333332,4.5441666666666665,7.2825000000000015,3.583333333333333,8.048333333333334,-5.218333333333334,-1.0325,-6.725833333333333,-4.338333333333334,-9.490000000000002,-17.319166666666664,-19.870833333333334,-12.125833333333334,-31.27,-27.88583333333333,-17.66333333333333,-11.454166666666667,17.520833333333332,30.104166666666668,-39.19916666666666,-29.952500000000004,-96.24583333333334,-85.57916666666665,-89.51333333333334,-95.90833333333336,-94.5475,-9.082986111111115
1998-10-01,33.35916666666667,36.140833333333326,33.75166666666666,28.51666666666667,29.84833333333334,27.054166666666664,24.835,30.094166666666663,17.351666666666663,19.5825,8.123333333333331,6.508333333333334,9.113333333333332,4.995833333333334,8.705,-4.005,0.3375000000000001,-5.802499999999999,-4.069999999999999,-7.69,-15.725,-18.8425,-11.222500000000002,-29.667499999999997,-26.759166666666676,-16.669166666666666,-11.1875,19.04833333333333,31.31,-37.52166666666667,-27.571666666666676,-98.0375,-83.2825,-88.20666666666665,-95.20499999999998,-93.98416666666668,-8.52150462962963
